id;name;description;start_date;end_date;is_active
1;contextually-based Home Loan Account Books;Stand-alone;2021-01-13T20:46:52;2021-01-14T03:12:30;true
2;parsing;Infrastructure Illinois;2021-01-14T12:35:49;2021-01-14T02:31:00;false
3;alarm Kansas utilize;Checking Account Engineer;2021-01-13T15:58:42;2021-01-14T03:58:06;true
4;technologies benchmark synthesize;Sleek redefine digital;2021-01-14T09:43:13;2021-01-14T07:42:13;true
5;Guadeloupe invoice;optical;2021-01-13T21:21:32;2021-01-14T01:05:32;false
6;Tools Practical;Incredible Fresh Computer mobile;2021-01-14T13:00:48;2021-01-14T01:23:34;true
7;Enhanced turquoise;Brand neural;2021-01-14T04:58:22;2021-01-14T10:03:34;true
8;Handcrafted Buckinghamshire;Sleek Frozen Keyboard open-source Oklahoma;2021-01-14T00:00:22;2021-01-13T18:18:11;true
9;iterate Intelligent Radial;cohesive Fiji Dollar Washington;2021-01-13T20:27:21;2021-01-14T00:40:11;false
10;technologies International South Dakota;Interactions;2021-01-14T13:23:37;2021-01-13T18:38:54;false
